trump,215
thank,164
their,158
over,142
time,134
win,122
&amp;,119
people,106
president,97
year,96
james,93
great,92
guys,91
comey,87
love,81
being,81
nominated,78
her,77
album,76
2018,75
first,74
there,73
tâ€¦,70
rt,69
going,69
@bts_twt,68
game,67
very,67
around,65
didnâ€™t,65
new,64
back,63
grammy,63
justice,61
chance,61
look,61
again,60
find,59
had,59
last,58
2,58
every,58
believe,57
here,57
canâ€™t,57
âœ¨,57
see,56
lot,56
too,56
heisman,55
big,55
campaign,53
'(kst),53
am,53
gets,52
its,52
kyler,52
until,52
house,52
cannot,51
day,50
against,50
proud,50
doing,50
murray,50
united,50
team,49
department,49
administration,49
everyone,49
while,48
trying,48
#grammys,47
you.,47
take,47
'you,47
should,47
some,46
know,45
5th,44
mueller,44
top,44
looks,44
only,44
â€˜,44
free,43
life,43
prosecutors,43
them,42
illegal,42
straight,42
got,42
these,42
shotâ€™,41
think,41
repackage,41
2018.12.13.,41
â¤ï¸,41
6pm,41
paris.,41
exo,41
https://t.co/x08k1axook,41
â€˜love,41
night,41
good,40
today,40
told,40
heâ€™s,39
into,39
beginning,39
home,39
end,39
doesnâ€™t,39
where,39
play,38
said,38
always,38
fans,38
'ğŸ˜±,38
trophy,38
got7,38
really,37
states,37
military,37
since,37
forâ€¦,37
live,36
anything,36
miracle,36
christmas,36
congrats,36
chosen,36
thâ€¦,35
watching,35
years,35
miami,35
comes,34
making,34
trumpâ€™s,34
feel,34
'@thecheckdown),34
celebration,33
hey,33
grizzlies,33
federal,33
feat.,33
paris,33
own,33
agreement,33
alone,33
woman,33
heard,32
#bts,32
ğŸ†,32
shame,32
army,32
work,32
wonderland,32
why,32
does,32
game-worn,32
were,31
@originalfunko,31
true,31
'it''s',31
law,31
way,31
congress,31
'world,31
[#2018mama],31
other,31
real,31
#finsup,31
much,31
u.s.,31
hit,30
next,30
10,30
fbi,30
retweet,30
sâ€¦,30
many,30
anymore.,30
girl,30
!,30
'trump''s',30
brilliant,30
world,29
ball,29
bad,29
'know,29
dear,29
threaten,29
announce,29
well,29
party,28
totally,28
chief,28
supporter,28
million,28
win!,28
idea,28
court,28
longtime,28
meow,28
set,28
nâ€¦,28
takes,28
@recordingacad,28
let,27
premiere,27
guilty,27
cohenâ€™s,27
girls,27
[#2018mama,27
king,27
korea],27
fantastic,27
'ğŸ†,27
adventure,27
sdny,27
finance,27
start,27
put,27
tonight.,27
than,26
mark,26
rights,26
dolphins,26
domino,26
hard,26
late,26
once,26
control,26
european,26
playing,26
gave,26
heart.,26
she,26
loyal,26
watch,26
wasnâ€™t,26
government,26
must,26
may,25
celebrate,25
collusion,25
winter,25
available,25
attend,25
whether,25
national,25
anyone,25
nothing,25
face,25
(legendary)!,25
seen,25
'they''ve',25
private,25
subpoena,25
step,25
gun,25
maybe,25
@realdonaldtrump:,24
us,24
emotional,24
whenever,24
friends,24
rex,24
right,24
performance!,24
former,24
andâ€¦,23
tillerson,23
nct,23
lawyer,23
laâ€¦,23
lebron,23
pleased,23
which,23
50,23
revoke,23
4,23
stop,23
headlines,23
things,23
thanks,23
thatâ€™s,23
won.,23
hopes,23
then,23
honor,23
[#ì•„ì´ì— ],23
ever,23
shoes,23
caâ€¦,23
ğŸ‘,23
double,23
send,22
'i''ve',22
'times,22
albanian,22
became,22
brilliaâ€¦,22
came,22
wonderful,22
concert,22
couldâ€¦,22
country,22
website,22
exclusive,22
expected,22
filing,22
flicker,22
football,22
https://t.co/mtmwzyduye,22
india,22
tried,22
ireland,22
killing,22
money,22
orchestra,22
stores,22
rtÃ©,22
made,21
person,21
yourself:,21
you!,21
because,21
'years,21
use,21
professional,21
ofâ€¦,21
absolutely,21
field,21
human,21
rock,21
--,21
news,21
amari,21
amazing,21
interview,20
white,20
rest,20
asked,20
greatest,20
ludicrously,20
luka,20
coming,20
chicken,20
good.,20
messi,20
sad,20
pop!,20
inâ€¦,20
sensational,20
vote,20
forward,20
figure,20
3,20
extremely,20
expensive,20
https://t.co/jnytpw9ryn,20
kicks,20
already,20
watches,20
official,20
ridiculous,20
endgame,20
nomination,20
reâ€¦,20
state,20
https://t.co/bkxavagehg,20
https://t.co/zjzls4vzap,20
looking,19
ğŸ¤¦ğŸ½â€â™€ï¸ğŸ¤¦ğŸ½â€â™€ï¸ğŸ˜©,19
tell,19
win.,19
https://t.co/1gh8zjazh1,19
congâ€¦,19
might,19
todayâ€™s,19
imagine,19
'here''s',19
members,19
'individual-1,19
heroes.,19
recording,19
begins,19
off,19
then...leave,19
president.,19
individual,19
#armynavygame,19
asian,19
republicans,19
interviewing,19
clears,19
played,19
philadelphia.,19
https://t.co/act5wh6zwz,19
attempt,19
ğŸ˜©ğŸ˜©ğŸ˜‚i,19
https://t.co/lb25gcud8s,19
(via,19
https://t.co/ggkat3ffpz,18
uk,18
used,18
scores,18
https://t.co/rqyfpaix6o,18
https://t.co/vnhva1htjx,18
happened.,18
https://t.co/y6bi9me6nb,18
happen,18
truth,18
identify,18
video,18
institutioâ€¦,18
isnâ€™t,18
just.,18
tonight,18
knowing,18
drake,18
doncic,18
desperation,18
desperate,18
what.,18
democrats,18
decency,18
de,18
liberal,18
cozy,18
threatened,18
willing,18
committâ€¦,18
civil,18
thing,18
me.,18
memo,18
cbs,18
catch,18
bridge,18
before,18
beat,18
aâ€¦,18
mission,18
search,18
attack,18
answer,18
needs,18
another,18
Â¡gooooooooooooooooooooooooooooooooooooooooooooooooooooooooooooooooooooooooooooooooooooooooooooooooooooool,18
Â»,18
obamaâ€™s,18
#nevsmia,18
all.,18
â€œthe,18
patriots,18
#boca!,18
ğŸ¸,18
'ğŸ¤£,18
power,18
'truth,18
summer,18
'stadium,18
questions,18
'liberty.,18
releaâ€¦,18
strum,18
'honor.,18
ğŸ˜‚,18
'@nfloncbs,18
'@gop.,18
russia,18
https://t.co/8apbxm0ye5,18
https://t.co/9iaj8xvqe8,18
https://t.co/aoc1l5lcgg,18
andÂ @spotifyartists,17
tiny,17
squareğŸ—½ğŸ’œ,17
especial,17
even),17
waâ€¦,17
exactly,17
star,17
almost,17
right:,17
'back,17
ğŸ˜,17
accomplished,17
killed,17
paint,17
[#i.m],17
@realdonaldtrump,17
@jeffreytoobin,17
â¤ï¸ğŸ’¯,17
favorite,17
https://t.co/rpne810gjp,17
john,17
fun,17
rodrigo,17
ğŸ˜±ğŸ˜±ğŸ˜±,17
investigation,17
(not,17
"love,17
bottle,17
https://t.co/gjdjqccvh7,17
go,17
pompeo,17
$3.99,17
position,17
uâ€¦,17
https://t.co/gvocz9mnqd,17
'tillerson,17
ğŸ˜­ğŸ˜­ğŸ˜­,17
'tear,17
https://t.co/qvzsii9a5g,17
'''sanctuary',17
gone,17
promoting,17
'president''s',17
'predecessor,17
'perez,17
'next,17
https://t.co/kfoibgziiv,17
'#finsup,17
'job,17
immigrants,17
meâ€¦,17
can.,17
https://t.co/jzobiioujj,17
mental,17
cityâ€,17
masculinity,17
mike,17
immigrant,17
yearsâ€¦,17
come,17
https://t.co/h9itkgly49,17
grammys!!!!!!!!,17
miracle!,17
group,17
missouri,17
thanksÂ @spotify,17
!!!!!!!!,17
https://t.co/7x7iodqiqf,17
madison,17
huge,17
!!!!!!!!!,17
countdown,17
lives,17
artist,17
arenâ€™t,17
navy,17
him.,17
https://t.co/tjzlebcyqm,17
'heartbreaking:,17
date:,17
doj,17
!!!!,17
https://t.co/t4wvd5twyy,17
noche,17
'cnn''s',17
drugstore,17
ğŸ§šâ€,16
zone.,16
witch,16
william,16
w.h.,16
transcript,16
title,16
sweetzerland.,16
sugar,16
started,16
said.,16
retuâ€¦,16
rendition,16
remâ€¦,16
posting,16
plum,16
pixie,16
perfect,16
out.,16
number,16
noticed,16
nonsense,16
muslims,16
mercy,16
match,16
literally,16
knowâ€™,16
junior,16
isâ€¦,16
indicted,16
https://t.co/yvc3acegql,16
https://t.co/vivvmh1aho,16
https://t.co/r8lup6wkjl,16
https://t.co/m3s6hyjl8k,16
https://t.co/kzfebkqivw,16
here.,16
heats,16
happy,16
habit,16
growth,16
getting,16
full,16
found,16
fairy,16
different,16
defense,16
deal.,16
days,16
cooper,16
continues...,16
concluded,16
comfort,16
calls,16
brutal,16
british,16
americans,16
166,16
(legendary).,16
'yesterday''s',16
'includes:,16
'departures:,16
'1985,16
#phivsdal,16
#mama10,16
#likemama,16
â€œthis,15
https://t.co/nepu0ioya8,15
https://t.co/nck5txemxr,15
nah,15
sayâ€¦,15
https://t.co/6qve8pd8ey,15
family,15
#1,15
ruled,15
each,15
staff,15
performance,15
â€œthere,15
espanyol,15
cup,15
performing,15
breakthrough,15
#igot7,15
'date,15
senior,15
winner.,15
https://t.co/a1ouuy0ul2,15
'@marvel,15
smoking,15
https://t.co/9xc1vjc5ze,15
body,15
â€“â€¦,15
right.,15
imâ€¦,15
hardware,15
dream,15
post,15
fine.,15
bout,15
china,15
'leakin''',15
twitter,15
#capitaljbb.,15
brain:,15
conclusion,15
read.,15
https://t.co/5tndciey6r,15
nod,15
stark.,15
weekâ€™s,15
nomination!,15
sentence.,15
'kids,15
ğŸ˜¨,15
nominee,15
https://t.co/hn0az1oxmz,15
donaâ€¦,15
'institutions,15
'through,15
#btsarmy,15
cowboys!!!!!!!!!!!!!!!!!!!!!!!!!!!!!!!!!!!!!!!!!!!!!!!!!!!!!!!!!!!!!!!!!!!!!!!!!!!!!!!!!!!!!!!!!!!!!!â€¦,15
attorneys,15
four-star,15
wendell,15
ğŸ„â€¦,15
'illusion,15
https://t.co/vkwuztjfsi,15
https://t.co/giqbxkmqc4,15
https://t.co/5rodchvy3l,15
snap,15
sorry,15
tdğŸ™Œ,15
https://t.co/ve4lajymvn,15
tony,15
#dallascowboys,15
https://t.co/fdielz88xe,15
voting,15
https://t.co/eoizuxixxz,15
moment,15
#messi,15
#miracle,15
marks,15
general,15
@shawnmendes,15
https://t.co/umdtgdbm7y,15
'murray,15
ot,15
https://t.co/ue7ydvprks,15
reported,15
short-tâ€¦,15
https://t.co/cxqxwnhyk7,15
package,15
https://t.co/cqgkhqhkpz,15
russ,15
'milley,15
listen,15
me:,15
https://t.co/t595mhfogz,15
high,15
#got7,15
#billboardnews,15
https://t.co/xwfyn14dz2,14
&lt;2014,14
https://t.co/6ttmnny3sh,14
love/airplane,14
'#bts,14
https://t.co/xf2fvhtarb,14
using,14
bron,14
kelly,14
bulls$&amp;@&amp;$!!!!!!!,14
spoken,14
influential,14
suns,14
hours,14
tweet,14
camps,14
urjit,14
such,14
hits,14
widowmaker,14
history,14
'2",14
pt.,14
him,14
someone,14
magazineâ€™s,14
im,14
7,14
majority,14
'â€˜time''s',14
lbj,14
ğŸ‘ğŸ½,14
25,14
trevor,14
time.,14
1,14
singing,14
@potus,14
2018â€™,14
https://t.co/votzdji94u,14
included,14
toâ€¦,14
'ğŸ™,14
japan,14
member-elect,14
dedicated,14
memâ€¦,14
met,14
https://t.co/sd4l81ijdn,14
"#mama~,14
https://t.co/rwl2sbpf0c,14
damn,14
36,14
acquire,14
mind,14
frost,14
'place!,14
https://t.co/qzxoowevch,14
admiration,14
that?,14
concentration,14
that.,14
â€œkidsâ€,14
month,14
general.,14
https://t.co/pv68x8r2ns,14
https://t.co/padczgowvq,14
completely,14
mr,14
https://t.co/oo6cc5i58t,14
gifts,14
'ğŸ¥‡,14
https://t.co/oenmjbyr42,14
'mama&gt;!,14
alwaysâ€¦,14
detained,14
â€”Â and,14
america,14
singer!,14
@barcatimes,14
https://t.co/zsuy1tzzai,14
"fake,14
among,14
teens,14
lil,14
ariza,14
youâ€™ve,14
goes,14
gold,14
soldier,14
nudes,14
https://t.co/ze5e55nzsk,14
doesâ€¦,14
york,14
https://t.co/g9pyijdr2b,14
impt,14
shoes.,14
https://t.co/ezgoxfem60,14
respect,14
ooh~,14
oooohhhhhhh!,14
sources:,14
w.w.,14
https://t.co/ecttkb1wm9,14
beautiful,14
pair,14
videosâ€¦,14
rule,14
tackle,14
gronk,14
beginâ€¦,14
reminder,14
d-2,14
bet,14
patel,14
better,14
citizen,14
câ€¦,14
biathlon,14
biggest,14
lakers,14
won,14
performances,14
shut,14
#wannaone,14
swear!,14
redknapp,14
three-team,14
'clear:,14
@canalfootclub,14
platinum,14
survival,14
harry,14
https://t.co/8sd10v3fcw,14
run,14
plenty,14
ready,14
https://t.co/7kqkgs8ax5,14
unforgettable,13
'ğŸ˜‚,13
today.,13
kidding,13
300th,13
28,13
k-pop,13
stalin,13
jungle!â€¦,13
jungle,13
245,13
investigators,13
ji,13
delhi,13
epic,13
friday,13
visited,13
committed,13
wish,13
crackdown,13
director,13
created,13
gonna,13
done,13
documents,13
stay,13
grammys,13
#rdr2,13
red,13
shri,13
record,13
reactions,13
heart,13
ran,13
fake,13
working,13
celebrating,13
worst,13
protests,13
protesters?,13
canela,13
process,13
finally,13
prince,13
https://t.co/0tmzj2kydb,13
https://t.co/1bjx7cuhgy,13
premier,13
warâ€¦,13
https://t.co/3wpmgjcldw,13
plush,13
university,13
https://t.co/8ssenojvjd,13
'campmate,13
'change,13
piece,13
following,13
birthday.,13
'dmk,13
'felt,13
padded,13
taking,13
bears,13
https://t.co/dz3f4e3iwz,13
https://t.co/ef711l76hx,13
old,13
you..,13
appearance,13
https://t.co/lx1bmiam6h,13
test,13
sonia,13
testimony,13
'occasions,13
â€œindividual,13
https://t.co/qocpjw5gmq,13
ğŸ’™â€¦,13
'recall,13
set.,13
media,13
https://t.co/tmh6uhhz5t,13
me!,13
makes,13
'today,13
macronâ€™s,13
https://t.co/xaiylisiud,13
day!,13
loyalty,13
https://t.co/xh31wawqii,13
day.,13
social,13
@chelseafc!,13
living,13
liverpool,13
https://t.co/yz8hbaddvx,13
https://t.co/zgn65egkzb,13
'winner:,13
'won''t',13
lied,13
legend.,13
france.,13
leakinâ€™,13
league.,13
staff.,13
riots,13
french,12
call,12
wall.,12
michael,12
entire,12
millions,12
your.,12
present,12
https://t.co/hc8zk1jz8x,12
violated,12
'pretender,12
personal,12
'ğŸ›ğŸ,12
#bt21,12
https://t.co/0n54puxhfv,12
'potus,12
england,12
wow:,12
spot!,12
withdrawal,12
democrats:,12
sentencing,12
wanted,12
wall,12
wisâ€¦,12
pâ€¦,12
https://t.co/jmjuromngl,12
army-navy,12
teaser,12
wants,12
compromised,12
mls,12
velvet,12
https://t.co/kh1gdn9v28,12
95,12
fâ€¦,12
https://t.co/kmi8yrdqfn,12
mom,12
yâ€™all,12
whose,12
'life.,12
goal!,12
'night",12
https://t.co/pbq9qmwr5r,12
u!,12
goal,12
'million,12
'live,12
https://t.co/ac90xcdffx,12
direcâ€¦,12
election,12
much.,12
russiaâ€¦,12
https://t.co/nl9f8snkgo,12
stiâ€¦,12
half,12
billion,12
almighty,12
convicted,12
#johhnyjohhny,12
giveaway,12
https://t.co/6zmra40ljg,12
cute,12
campâ€¦,12
https://t.co/amnvda48ia,12
penny,12
works,12
'1997,12
brett,12
'dramatic,12
$5,12
'70s.,12
'barber,12
studio],12
reached,12
'eu,12
https://t.co/bqp5jnzd5a,12
unilaterally,12
congratulations,12
"silent,12
clear,12
heisman!,12
pleaded,12
#secretangel,12
laws,12
havenâ€™t,12
harvard,12
lol,12
'video,12
'#mamaredcarpet,12
'filings,12
cooking,12
tue,12
@digiorno),12
https://t.co/ykehrdwtth,12
https://t.co/ycmv7evp43,12
seconds,12
lost,12
sanchez,12
'attorney,12
https://t.co/zmx1ol5mim,12
https://t.co/d5su9lsioy,12
yells,12
talk,12
@lacesoutshow,12
influence,12
outcome,12
recipe,12
https://t.co/wnlgrikbug,12
(â€¦,12
@nbcâ€¦,12
maher,12
solo,12
#im,12
leap,12
this.,12
ğŸ’ƒğŸ»,12
even,12
record-setting,12
champions!!!,12
strong,12
congressmembers,12
opraâ€¦,12
oprah,12
statements,12
#blacksuit,12
charges,12
10pm,12
man,12
tweet.,12
(aka,12
$1,12
https://t.co/vgoygzxeo5,12
pole,12
conquered,12
1â€),12
segment,12
https://t.co/ztam3b99ej,12
https://t.co/v3bt4iv3yw,12
taylor,12
62-yard,12
often,12
https://t.co/7ln64man3z,12
https://t.co/fo6bllk12i,12
woke,12
session,12
'soon!,12
theâ€¦,12
'hypocrite,12
[got7,12
ğŸ˜†,12
memories,12
of.,12
ğŸ˜‚ğŸ˜­,12
back!,12
chelsea,12
â€œtheâ€¦,12
for@putting,12
#jooheon,12
'sincere,12
https://t.co/gm01jgipsn,12
dec,12
quiet,12
went,12
'#jackson,11
'"hello",11
police,11
trolls,11
valbuena.,11
kidding.,11
control.,11
https://t.co/za3lswbvaz,11
borders,11
player,11
booed,11
(and,11
blue,11
criticizing,11
#ìŒì•…ì¤‘ì‹¬,11
#ê°“ì„¸ë¸,11
'ğŸ‘€,11
cut,11
peek,11
relationship,11
beâ€¦,11
sysâ€¦,11
salvini,11
https://t.co/clep4l1med,11
https://t.co/cndpr1sm2o,11
smartest,11
https://t.co/cocikpv5iu,11
ya,11
pages,11
report.,11
3rd,11
'glasses,11
order,11
'guy,11
fei,11
feels,11
opening,11
granted,11
grammys.,11
retain,11
often.,11
far,11
vile,11
#kingdomhearts,11
collusion!,11
https://t.co/gshmnvjjz2,11
you?,11
https://t.co/hafqgsmpqd,11
'jacket,11
https://t.co/hzxde2qzum,11
favor,11
save,11
https://t.co/iz7k6ydabc,11
article,11
https://t.co/jkxkwrwmvq,11
soon,11
https://t.co/lo6tbkfrto,11
nationalist,11
globalist,11
'm/v,11
gives,11
give,11
https://t.co/nannkifwlm,11
girlsâ€¦,11
sneak,11
(56,11
wrote,11
'media,11
'memories,11
movie,11
ainâ€™t,11
agendâ€¦,11
#grammys!,11
agendaâ€”an,11
monstars,11
https://t.co/qcgxhhegj9,11
moment.,11
screaming,11
mo,11
feaâ€¦,11
"miracle,11
https://t.co/r0vwxmcg3m,11
friend,11
mini,11
incompetent,11
'right,11
midway,11
'schengen),11
deeplyâ€¦,11
https://t.co/snuqs7dxje,11
abuse.,11
'so,11
jackson,11
13,11
iii,11
https://t.co/tgg4rgh9bp,11
[,11
https://t.co/urlfdiygpp,11
massive,11
â¦@chelseafcâ©,11
'that''s',11
â¦â€¦,11
'time,11
immigration,11
slowly,11
second,11
(we,11
luis,11
https://t.co/xgsfe6fq5u,11
'you''re',11
'ğŸ’ª,11
'trailer,11
2â€¦,11
loss,11
franchise,11
'um,11
#hello,11
pts)...,11
him?,11
prosecutor,11
hoes,11
'81%,11
promise,11
russian,11
cost,11
write,11
kick,11
'@thegreatkhalid,11
presidential,11
'ğŸ‘,11
https://t.co/z2nsde7qsw,11
https://t.co/1kqmyq4b1q,11
'],11
bâ€¦,11
'$30,11
âœŒğŸ¾better,11
bulls,11
wait,11
spending,11
@bts_bighit,11
racial,11
smokey,11
https://t.co/5dtphykg1z,10
iâ€¦,10
thereâ€™s,10
hahahahaha,10
secretary,10
undermine,10
goooooo!!!!!!,10
lamberth,10
],10
whirling,10
political,10
excuse,10
https://t.co/g5fp3gnxxn,10
deep,10
https://t.co/g07egc20qp,10
file,10
1m,10
[#live,10
ikea.,10
please,10
least,10
snowsgiving,10
wheels,10
testimony.,10
inalienable,10
11-0,10
https://t.co/fdesflavz5,10
https://t.co/fp7u3dn16h,10
https://t.co/uh39cmhinp,10
italians,10
server,10
ğŸ’–,10
unto,10
stylish,10
https://t.co/uvikvu7e7g,10
https://t.co/flwqbdsziu,10
omg,10
omgg,10
ğŸ˜‚ğŸ˜‚ğŸ˜‚Â https://t.co/bl4hx7zbjq,10
it!,10
@reuters,10
served,10
barr,10
folâ€¦,10
toronto,10
series!#teamindia,10
'dervishes,10
crimeâ€¦,10
clintonâ€™s,10
open,10
ordinary,10
seldom,10
exhausting,10
'gggggooooooooooooooooaaaaaaaaallllllll!!!!,10
intelligence,10
#humanrightsday,10
value,10
https://t.co/aapvohgldf,10
baths.,10
batting,10
https://t.co/vvmywwzc8n,10
shook,10
'toastiest,10
'congratulations!,10
@mosalah,10
qualities,10
keep,10
tolerance,10
instability,10
https://t.co/x4woclfi8y,10
leader,10
spin,10
'culture,10
'â˜ƒ,10
bunch,10
in.,10
4-0!!!,10
'tradition,10
salah!!!!,10
https://t.co/0hcentpdhy,10
reportingâ€¦,10
'coziest,10
https://t.co/mv3c7mogyi,10
food,10
incredibly,10
roaming,10
'frankly,10
pressure.,10
superb,10
snot-nosed,10
â€˜one,10
breakfast,10
letsssss,10
sit,10
royce,10
ferris,10
together!,10
allow,10
rights.,10
common,10
â€œdemocrats,10
'love,10
compassion,10
https://t.co/ygisatnozb,10
need.,10
email,10
'likeness,10
'mueller,10
gravâ€¦,10
mostâ€¦,10
ahh,10
'followers!,10
gentle,10
#pvlonabscbn,10
@cheteshwar1,10
emotional.,10
creamline,10
https://t.co/zhyyqcnmb3,10
monkey,10
smocking,10
image,10
6,10
'warmest,10
discuss,10
'lawyer,10
https://t.co/kkik1ynzrv,10
â€œjudge,10
'year''s',10
chart,10
crucialâ€¦,10
comeyâ€™s,10
carousels,10
tying,10
godâ€™s,10
winner:,10
'kindness,10
'person,10
smockingâ€¦,10
artists,10
assailed,10
subject,10
act,10
enjoys,10
ateneo-motolite,10
past,10
sdny.,10
#2018mama,10
faster,10
democrat,10
young,10
federâ€¦,10
'2012,10
'religions,10
fresh,10
released,10
protect,10
enâ€¦,10
#superstarbts,10
'school,10
ğŸ”¥,10
themselves,10
constitution,10
fighting,10
whoâ€™s,9
fbiâ€¦,9
credit,9
false,9
enemies,9
week,9
rinks,9
directedâ€¦,9
drink,9
discovered,9
down,9
diâ€¦,9
significant,9
docs,9
welcoming,9
#mamaredcarpet,9
resigned,9
#mufc,9
request.,9
republican,9
#nct127,9
release,9
refuses,9
referendum,9
recruited,9
'#ìŒì•…ì¤‘ì‹¬,9
quick,9
'1960,9
public,9
provided,9
subscribers,9
':,9
'@gop...,9
prior,9
prayer,9
'again,9
#chemci,9
'alcohol,9
population,9
pop,9
'barr,9
'case,9
'chaplain''s',9
'day''s',9
peoplâ€¦,9
peopleâ€™,9
symmetra,9
'eras,9
'facts:,9
outstanding,9
'game:,9
organization,9
opposed,9
'i''m',9
'ice.,9
'implemented,9
sexual,9
'result.,9
men,9
marked,9
loâ€¦,9
loving,9
'was,9
'we''re',9
through,9
letâ€™s,9
leg,9
senators,9
'â›¸ï¸,9
kids,9
(but,9
....which,9
125,9
127,9
jail,9
13/10,9
1?,9
2008,9
2019,9
2019.01.30,9
injustice,9
indy.,9
important,9
ğŸ‡ºğŸ‡¾,9
truly,9
hunt.,9
@argencomiccon,9
seasonal,9
@taylorswift13,9
https://t.co/use7xcrlrg,9
https://t.co/unlmybagtd,9
https://t.co/tku9pjxxn4,9
tweets,9
https://t.co/t9wlaudpt6,9
accusations,9
across,9
actually,9
adios,9
https://t.co/qzvjirlrfx,9
â€œin,9
aires!,9
https://t.co/olhixo06bp,9
allowed,9
saysâ€™,9
â€˜the,9
â€˜simon,9
https://t.co/m4jxcpijfv,9
#arshud,9
american,9
skater,9
saying:,9
https://t.co/juwslqtiqs,9
youâ€™ll,9
assaultâ€¦,9
bad.,9
https://t.co/g3ndjrcvjp,9
https://t.co/fnlki8dbso,9
barack,9
https://t.co/dw8e7vdkab,9
bedminster,9
https://t.co/cxdo4z48ku,9
befoâ€¦,9
https://t.co/c6gvm6kya8,9
https://t.co/bofsyndpkw,9
undocumented,9
https://t.co/azikvup9ck,9
bill,9
https://t.co/ak1su1eua7,9
blues!,9
born,9
boy,9
wynn,9
https://t.co/6syodavaks,9
https://t.co/4lc5dd8fr7,9
broken,9
speechless.,9
https://t.co/3cmmeyew9t,9
buenos,9
hoping,9
worse.,9
hi.,9
usually,9
wonderlandâ€¦,9
choose,9
clean,9
co-chairs,9
violationsâ€¦,9
go&gt;,9
gift,9
gears,9
round,9
wild,9
rosenstein,9
continue,9
contrast,9
correctly,9
corruption,9
filled,9
filibustered,9
could,9
couple,9
'ğŸµ,8
laugh,8
7am,8
enlisted,8
idiots,8
leaves,8
8000,8
hunt,8
enough,8
https://t.co/zrjjdrzfvp,8
'wooooah!",8
'wooooah,8
https://t.co/zdjdqixkwb,8
lodges,8
'vehicles,8
seconds.,8
https://t.co/y9jowopmsc,8
@jamesmilner,8
@jeremycorbyn,8
'tweets,8
lowest,8
@luka7doncic,8
https://t.co/xcdfnuvx5m,8
'torreira,8
conference,8
https://t.co/w9y85cv9rr,8
https://t.co/w31xf0lcyg,8
https://t.co/vszpazt2go,8
'texas,8
marine,8
'stop...ğŸ”´,8
mcgrady,8
@xtina,8
'someone,8
â€œwhen,8
confidence,8
'soldiers,8
theyâ€™re,8
https://t.co/ssgu0vqvsc,8
'sergeant,8
https://t.co/sb5drz6unx,8
december,8
https://t.co/rrwzq3xhjr,8
minute.,8
evenâ€¦,8
https://t.co/r9ln90lyoo,8
'pakistan,8
'opposition,8
'office,8
again.,8
money.,8
motion,8
rotation?,8
'miracle,8
sometimes),8
song,8
'means?!,8
excited,8
'mama!,8
nation,8
vs,8
nationwide,8
neighborhoods,8
anorexia,8
anthem,8
squads,8
youâ€¦,8
forced,8
armed,8
'labour,8
snatch,8
https://t.co/hpyo9w9oxm,8
https://t.co/hn91foxbyg,8
notes..,8
https://t.co/hle5g8berm,8
https://t.co/hatrpcd1o1,8
https://t.co/gybk0psdb7,8
teams,8
award,8
shock,8
based,8
'he''d',8
'game,8
spoiler,8
battles,8
https://t.co/dookes0iko,8
'fraud,8
https://t.co/dmmdapemsc,8
overly,8
shot,8
https://t.co/cv0eafz6np,8
'forward,8
part,8
'everyday,8
cry.,8
'don''t',8
pentagon,8
#cadetbonespurs.,8
perhaps,8
'cold,8
https://t.co/9ulvcxxhno,8
https://t.co/9kzvbgqfc9,8
place.,8
plain-clothed,8
'benefits,8
points.,8
polio,8
https://t.co/64jcknlbn8,8
https://t.co/60pejvb5xu,8
broke,8
possibility,8
safe,8
speâ€¦,8
prevâ€¦,8
'@senblumenthal,8
prize,8
procure,8
procuresâ€¦,8
project,8
promises,8
wouldâ€™ve,8
would,8
prospect,8
career,8
'2004,8
cried,8
fact,8
heâ€™d,8
hero,8
question,8
held,8
'#seventeen,8
heavy,8
charactersâ€¦,8
run...,8
'"torreira,8
hear.â€¦,8
realize,8
ğŸ˜®,8
hate,8
hat-trick,8
hands,8
citizenship,8
citizenship.,8
womeâ€¦,8
vets,8
crowd,8
remarks,8
grew,8
responsâ€¦,8
strip,8
governmentâ€¦,8
revelling,8
do:,8
weight.,8
faint,8
die,8
stopped,8
gi,8
desperately,8
elite,8
weâ€¦,8
ffa,8
items,8
it.,8
10â€¦,8
tracy,8
joint,8
/,8
insanely,8
(with,8
ğŸµ,8
2x,8
inane,8
titans,8
self-spoiler,8
'ğŸ¥ğŸ’š,8
solace,8
trouble,8
500th,8
'haven''t',7
george,7
name,7
jumping,7
soar,7
smooth,7
https://t.co/dyzuxkixpv,7
â ,7
punches*,7
#btsâ ,7
named,7
dr.,7
meddling,7
hillary,7
https://t.co/vktqep5hnz,7
21,7
history.,7
card!,7
https://t.co/mitrsycgny,7
successful,7
funded,7
jr,7
flying,7
russians.,7
mamas,7
can/will,7
campaign-donor,7
https://t.co/04rnwzi6l8,7
befriended,7
year-end,7
comâ€¦,7
means,7
https://t.co/1ufijikvjh,7
calibre,7
@postmalone,7
'affairs,7
'qs,7
y.o,7
https://t.co/calef3ifxp,7
bts,7
extraordinary.,7
ğŸ‰,7
pathetic,7
'europe?,7
eâ€¦,7
'allâ™¥,7
â€”,7
https://t.co/4srcusxrid,7
â€œone,7
reserve,7
fit,7
sow,7
macron,7
ğŸ¥Š,7
billboard,7
12th.,7
https://t.co/5ov86xux1o,7
'america''',7
11,7
https://t.co/64vphpbprz,7
pool,7
brexit,7
incoming,7
https://t.co/7expcj2l5z,7
rep.,7
politicians,7
jerry,7
more.,7
clinton,7
https://t.co/7plkzt104c,7
point,7
titanic,7
https://t.co/9ghbsyyzy0,7
'brothers.,7
according,7
festival!,7
rivals.,7
'business,7
'lineupsâ€¦,7
#icarusfalls,7
macro-economic,7
sec.,7
analysis,7
@marenmorris,7
#respecttheback,7
morning.,7
thorough,7
aid,7
distinction,7
'us,7
indicted/,7
didâ€¦,7
@gop,7
@dhsgov,7
whâ€¦,7
https://t.co/r0abpzaxjy,7
disgusting,7
night.,7
lomachenko,7
@camila_cabello,7
'website,7
landed,7
'year,7
close!,7
tomorrow,7
akeem,7
https://t.co/zsyqmn2w6d,7
https://t.co/zt0fbcnv6i,7
ğŸ‘‹,7
https://t.co/uekdv8cuit,7
nominated!,7
aroundâ€¦,7
shamed,7
https://t.co/jl5sfedlpz,7
dr,7
soon.,7
miserable,7
@arianagrande,7
democratic,7
@_nachomonreal,7
@6_lkoscielny,7
weapon,7
dec.,7
'squad,7
@walgreens,7
fan!,7
https://t.co/oan1fag9i9,7
trumâ€¦,7
none,7
idol,7
'â€œgiancarlo,7
economist,7
'japan''s',7
#twice,7
#letshearit!,7
evidence,7
https://t.co/nlta1tmlpg,7
#videomtv18del18,7
elected,7
late.,7
delivers,7
shifted,7
https://t.co/smw1bfsblr,7
impeccable,7
entails.,7
falwell,7
reasons,7
'impeached,7
reap,7
giancarlo,7
fact:,7
insightful,7
soon...,7
teammates.,7
@target,7
obstruction,7
obtain,7
forbes.,7
&amp;â€¦,7
understanding,7
*42,7
ğŸ•‘,7
offended.,7
d-wade,7
searching,7
music,7
thingsâ€¦,7
bangtan!,7
#adchithooku,7
(@bts_twt),7
mâ€¦,7
racist,7
bank,7
ğŸ—¡ğŸ‘‘,7
nadler:,7
taxpayer,7
exiâ€¦,7
integrity.,7
quite,7
https://t.co/f47zdbpect,7
https://t.co/n3kmdcs5ih,7
doubt,7
'$1,7
https://t.co/emfskhpjvt,7
'''coming',7
...,7
ğŸ‘,6
risked,6
administration.â€¦,6
missing,6
admitted,6
'onew,6
advice,6
'ğŸš¨,6
https://t.co/pzroap40dt,6
'murder,6
going?,6
'miracle",6
msg,6
all-time,6
'midterms,6
https://t.co/nl1nvhrkch,6
â€œavengers:,6
alnassr,6
ferns.,6
nancy,6
discord,6
form,6
terrell,6
https://t.co/ljf9e9xxes,6
'ligament.,6
angels,6
ankle,6
yoâ€¦,6
tecmo,6
anâ€¦,6
global,6
despite,6
nobody,6
weâ€™re,6
'know:,6
https://t.co/jgzbbdpr1i,6
https://t.co/ix9raf8gav,6
"mr.,6
'khashoggi''s',6
noms...,6
https://t.co/i7m419uofv,6
commiâ€¦,6
atmosphere,6
efforâ€¦,6
unbelievable,6
saudâ€¦,6
shirt,6
5:30am,6
offenses,6
bangkok,6
offered,6
'however,6
officially,6
https://t.co/fed7vqsthd,6
targeting,6
korea.,6
designâ€¦,6
deserved,6
waste,6
https://t.co/drsabxxsc8,6
https://t.co/doyvhlyzdn,6
derby,6
kushner,6
owens,6
https://t.co/cvkxrgdgdx,6
tackling,6
'f*cked,6
https://t.co/cjgi9fkzhj,6
crystal,6
https://t.co/b1cu2dghnb,6
pelosi,6
j.r.,6
'cool.,6
'clear,6
blames,6
15,6
shots.,6
towards,6
finesse,6
bowl,6
crushed,6
january,6
https://t.co/7cipccyw6f,6
finding,6
support!,6
https://t.co/6tcbqutmfv,6
impoverished,6
'america''s',6
'america,6
crown,6
10th!,6
corrupt,6
super,6
sis,6
unscathed,6
sunflower,6
"miami,6
sunday,6
seems,6
prime,6
39,6
denies,6
ğŸ˜âœŒğŸ½ğŸš¨ğŸš¨ğŸš¨,6
funding,6
prosecution.,6
show,6
hill,6
jump,6
'1,6
russia.,6
intended,6
#allstar2018,6
torn,6
change,6
--&gt;,6
insurancâ€¦,6
keeping,6
health,6
head,6
hates,6
insane.,6
voter,6
receiving,6
register,6
8,6
leave,6
#thetoys,6
8-bit,6
habitual,6
@,6
humanity,6
@alnassrfc,6
throw,6
ğŸ‘ğŸ½,6
liar,6
ğŸ‘ğŸ½dime,6
version,6
@bazzi,6
list,6
@beatsbydre,6
listening,6
'way,6
https://t.co/z47yizbkos,6
little,6
https://t.co/yvj5qy1inj,6
classic,6
https://t.co/yr0voc1m6u,6
@goswaelee,6
cleveland,6
ğŸ‘ğŸ½one,6
@ltorreira34,6
tho.,6
lunch,6
https://t.co/wpk9mmlues,6
@marvel,6
'today''s',6
'to,6
ğŸ‘¼ğŸ»,6
manafort,6
'system,6
https://t.co/vgurzekgmv,6
indicates,6
'suggestion,6
https://t.co/uzscwjpyap,6
close,6
ğŸš¨,6
https://t.co/unm1foa6wt,6
serves,6
voteâ€,6
https://t.co/t7inn7cpmk,6
govt,6
memes.,6
merch,6
message,6
abuses,6
'riyadh,6
cold,6
https://t.co/rthqk0vtxa,6
stand,6
https://t.co/rnzvkou6do,6
weatherâ€¦,6
adelaide.,6
straight:,6
tremendous,5
shouldnâ€™t,5
male,5
prâ€¦,5
weekend,5
smacked,5
accomplishment,5
https://t.co/dudzwjzeyk,5
'fulham.,5
'funko''s',5
heâ€¦,5
grateful,5
âœ¨âœ¨âœ¨âœ¨,5
opening.,5
https://t.co/ml805feqvb,5
'schumer,5
hereâ€™s,5
https://t.co/vj9fxhifxd,5
fought,5
onto,5
cereal!,5
help.,5
certain,5
one.,5
https://t.co/qldq1yhcjd,5
barnaby.,5
executive,5
alongside,5
raheem,5
miâ€¦,5
sarah,5
bang,5
instagram,5
'#firststepact.,5
featured,5
myself,5
balloon,5
$7.25,5
inspiration,5
marvel,5
obama,5
incident,5
atâ€¦,5
nyc!,5
doggo,5
implementing,5
ğŸ™ŒğŸ¼,5
stray,5
comey:,5
walk...,5
received,5
3030158859,5
recognize,5
https://t.co/niuuarnjmn,5
wonder,5
#adchithookku,5
#viswasamfirstsingle,5
spinning,5
now.,5
ğŸ™,5
handler,5
laughing,5
notice,5
7pm!,5
edges,5
texas,5
asthma/allergy,5
advent,5
https://t.co/ht3vh53hab,5
alliedâ€¦,5
https://t.co/i6lp7wsth7,5
#strictly,5
https://t.co/rsxecpxpqd,5
releasing,5
left,5
rough,5
environmental,5
thailand,5
giuliani,5
humbled,5
gop,5
nomination.,5
mr.,5
ajith,5
ğŸ“,5
https://t.co/j69l0l7p8y,5
https://t.co/tyxt9r5wkz,5
sing,5
earned,5
https://t.co/jwlpvbkh5t,5
sterlingâ€™s,5
what?,5
https://t.co/zrexsgknpl,5
https://t.co/tro5q4kchr,5
appeared,5
#mama10â€¦,5
no-look,5
linking,5
(sterling7),5
starting,5
delay,5
#avengers,5
views,5
'negotiations,5
mediaâ€¦,5
'water,5
crook.,5
'later,5
twist:,5
lmao,5
minimum,5
[#monsta_x],5
appalachian,5
yrs,5
long.,5
nick,5
guess,5
including,5
https://t.co/kxlviao4tz,5
https://t.co/yety2bcsit,5
https://t.co/rpxtd57gel,5
sodding,5
https://t.co/yaz8p8ahlc,5
ğŸ†ğŸ’Œ,5
thoughtful,5
@hottopic,5
remember,5
theyâ€¦,5
climate,5
https://t.co/xujtoj9xdf,5
https://t.co/xtqetxm6vm,5
indeed,5
@littlemix,5
supportâ€¦,5
cooper!,5
'october,5
wâ€¦,5
'change.,5
#dabears,5
'believe??,5
https://t.co/l7rgydjbbl,5
plot,5
blessings.,5
https://t.co/9ihx2xcvpk,5
break,5
digs,5
policies,5
bit,5
itâ€¦,5
https://t.co/7ichkvmjb0,5
solely,5
politicians.,5
aboutâ€¦,5
'at:,5
https://t.co/6zaug1amoa,5
end.,5
minister.,5
clinic.,5
lying,5
wage,5
'deal,5
briefing,5
support,5
tory,5
'toys,5
https://t.co/agih2fcm9m,5
indicator,5
roof,5
iâ€™ve,5
xi,5
https://t.co/le4ybxu8bi,5
https://t.co/5dleqha3p4,5
'era,5
sir,5
pats,5
financial,5
five,5
emptiness,5
'alabama,5
bronx,5
https://t.co/c6ubixfcbi,5
isolation,5
amy,5
warsâ€”,5
'air,5
buddy,5
'powerful,5
amount,5
begun.,5
https://t.co/wjtrpvzmdm,5
https://t.co/2axgd9zjml,5
'lives,5
preparing,5
https://t.co/27v41hm5rh,5
https://t.co/26lfcndewq,5
voted,5
'family,5
'achieved?,5
presented,5
'si-hyuk,5
"mid,5
https://t.co/w9lbspu82b,5
constantly,5
https://t.co/m6ru8uqoft,5
minâ€¦,5
take:,5
silverman,5
prisons,5
flint,5
unsure.,5
door,5
hour,5
hot,5
10th,5
'low,5
producer,5
criminal,5
ğŸ‘¯â€â™€ï¸ğŸ‘¯â€â™€ï¸,5
vote.,5
souâ€¦,5
hoots,5
honour,5
100,5
pack.,5
cannon,5
homophobic,5
simple,5
home.,5
years.,5
canâ€¦,5
garage,5
https://t.co/d89sqlu8hi,5
https://t.co/mcvgdxrmjh,5
updates:,5
hisâ€¦,5
#iheartjingleball?,5
compose,5
immediate,5
skywalker,4
single,4
sinceâ€¦,4
signed,4
spokeswoman,4
shot?,4
selfie!,4
seeing,4
secret,4
scoop,4
says,4
sanders,4
rubio,4
row!!!!,4
story.,4
story?,4
report,4
renegotiate,4
#criticschoice,4
refusedâ€,4
reds,4
studiosâ€™,4
radical,4
quarter,4
punjabâ€¦,4
proâ€¦,4
proved,4
precisely,4
preceding,4
pictures,4
paul,4
pack,4
p.,4
others,4
officials,4
off.,4
obstacle,4
ny,4
now!,4
nominaâ€¦,4
nomination:,4
nominating,4
no.,4
mwave,4
#brexit,4
mof,4
merely,4
mean,4
thing-,4
thing...,4
matter,4
maria,4
marco,4
manifesto.,4
loser,4
threatening,4
three,4
line-up,4
legislation,4
lebrons,4
thursday.,4
tickets,4
landmark,4
landing,4
la,4
kidâ€™s,4
journey,4
jersey,4
iv,4
isikoff,4
traileâ€¦,4
intent,4
integral,4
idea...,4
hugged,4
https://t.co/yhwiedyr1i,4
tune,4
https://t.co/xd4lnslrb2,4
https://t.co/ws6ywaywoi,4
https://t.co/whmwslhobt,4
https://t.co/vzoanz8zli,4
https://t.co/v2doyeaeyg,4
https://t.co/rrev2ums6i,4
https://t.co/rqnisnqf6t,4
https://t.co/rpiw9f1c9u,4
https://t.co/qpdd094x4j,4
https://t.co/pztrnilhwk,4
https://t.co/p9g8pocig0,4
https://t.co/ox6nvar2ko,4
https://t.co/nft6xxo4wg,4
https://t.co/n5hmqn0csm,4
https://t.co/n0ng72ooya,4
https://t.co/mv8hdupgvu,4
https://t.co/llhlz1kjuw,4
https://t.co/k6rdmcynxl,4
https://t.co/k2veesknmd,4
https://t.co/jjle6guycb,4
https://t.co/ixzcav0ltf,4
https://t.co/h0lztuhrwh,4
https://t.co/glmoxkqpb8,4
https://t.co/fuu54efjnn,4
https://t.co/fpss6hqaha,4
https://t.co/elvt6w4blm,4
https://t.co/ebazyoy6ji,4
https://t.co/d4jrezsdp7,4
https://t.co/cwf2cvqrg2,4
https://t.co/byafesq8as,4
https://t.co/9696lxalbt,4
https://t.co/5mcwnmpjmg,4
https://t.co/4nbcizutyd,4
https://t.co/3eryjnnxrv,4
https://t.co/3eauxebboq,4
https://t.co/31vaqippnq,4
https://t.co/2us80hhxjh,4
hosed,4
hope.,4
honorable,4
us?,4
usage.,4
hector,4
heather,4
headed,4
versace,4
verses,4
grizzlies.,4
vijay,4
goonâ€™s,4
goals,4
glorious,4
vocal,4
generâ€¦,4
game-work,4
future,4
voters.,4
fourth,4
voting!,4
fire,4
fight,4
felony,4
fell.,4
fan,4
failure,4
extradition,4
exposed,4
exit,4
wasâ€¦,4
everlasting,4
wears,4
empowerment,4
edge,4
ed,4
earns,4
earning,4
dreams,4
draw,4
welcome,4
discrediting,4
direct,4
died,4
development,4
deficits,4
decided,4
corruption.,4
cooperating,4
contâ€¦,4
contributions.,4
consequential,4
winner,4
congi,4
comments,4
combing,4
women,4
chase,4
chapter,4
worker,4
cbi,4
calling,4
byâ€¦,4
buzzards.,4
"got7,4
breaking:,4
biden,4
bible,4
yet.,4
yo,4
backâ€¦,4
attorney,4
assists,4
areâ€™,4
appeal,4
yâ€™all...,4
annual,4
anakin,4
â€˜there,4
aimed,4
affair,4
adults,4
added,4
academic,4
absolutelâ€¦,4
â€œto,4
@zanelowe,4
@xtina.,4
@speakerryan,4
@senatemajldr,4
@repwilson,4
@premierleague,4
@nfl,4
âš½ï¸,4
@eagles,4
@comey,4
@beats1,4
9am,4
âœ”ï¸,4
61st,4
5pm,4
50),4
5,4
2ï¸âƒ£1ï¸âƒ£,4
16,4
12pm,4
100%,4
.@bts_twt,4
.,4
ğŸ¯,4
(art.,4
'ğŸ˜,4
'ğŸ’™,4
'what''s',4
'wasn''t',4
'university''s',4
'town.,4
'there''s',4
ğŸ’•,4
'state,4
'speakership,4
'shortly,4
'shame,4
'ryan''s',4
'reasons.,4
'pti''s',4
'poll,4
'point.,4
'out!,4
ğŸ’°,4
'nauert,4
'mallya''s',4
'lullaby",4
'lucky,4
'life?,4
'laws,4
'languages,4
ğŸ“¡,4
'india''s',4
'hero''s',4
ğŸ˜€ğŸ’ª,4
'her.,4
'he''s',4
'genius,4
'fans''',4
'courts,4
'choice,4
'born.,4
'@kdx32.,4
'@amaricooper9,4
'@afcbournemouth...,4
'2016,4
'''yeâ€¦',4
'''love',4
#ufc231,4
#teamindia,4
#pl.,4
#euco,4
special.,4
https://t.co/bnmvvyu9ri,3
https://t.co/bz5zghpz1c,3
bestâ€¦,3
2020,3
below,3
indictment,3
impeachable,3
trouble.,3
please.,3
witness.,3
wednesday:,3
https://t.co/coeiajly6b,3
#frenchprotests,3
https://t.co/cop2kh8vqo,3
https://t.co/cphe7m3nih,3
https://t.co/ct4qcinqgz,3
https://t.co/czpn6vm2gv,3
illustrate,3
royal,3
trust,3
yemen,3
humanitarian,3
https://t.co/za2szadh0w,3
collision,3
https://t.co/xlqd6o9s8q,3
rollback,3
plea.,3
https://t.co/vkoyakuyow,3
@spotify,3
'butina,3
fittedâ€¦,3
https://t.co/ut3xilz3oj,3
@tuckercarlson:,3
@wsjsports,3
https://t.co/tfuu92ukbj,3
understands,3
banned,3
'carolina,3
[viaâ€¦,3
accused,3
phâ€¦,3
https://t.co/rtdz7yls8r,3
ballon,3
regulations,3
https://t.co/recjneg5ey,3
repeating,3
https://t.co/qwpshjnz4i,3
physicist,3
ag?,3
https://t.co/q0fjbiqsiv,3
aggression,3
ago,3
https://t.co/ptyuytleep,3
away,3
'confirmed:,3
warming,3
photos,3
embarrassing,3
https://t.co/pppovdzacj,3
https://t.co/pnydh3mdfz,3
https://t.co/p8u494oqnt,3
â€œcollusâ€¦,3
videos,3
fear,3
https://t.co/h0ate64hlr,3
attacking,3
https://t.co/ogrslsmtwo,3
https://t.co/hlvwxazweg,3
sports,3
atlanta,3
vid,3
https://t.co/hrdqjet72a,3
force,3
associated,3
https://t.co/obdm6k0a61,3
https://t.co/iaqtwsosr2,3
https://t.co/ienhuoh6bv,3
https://t.co/o3ltjgnixt,3
else,3
along,3
groups,3
https://t.co/j4h4v2kxjy,3
failed,3
performed,3
per,3
tyrannical,3
https://t.co/jstwa6jiuw,3
dâ€™or,3
resistance,3
pence.,3
arabiaâ€™s,3
patriotic,3
appropriate,3
appointees,3
https://t.co/lwynmhqlp7,3
ugly,3
patrick,3
https://t.co/lhxfws2zqy,3
https://t.co/la8lq6psec,3
apology,3
https://t.co/l04awzlasx,3
https://t.co/klsimacmnm,3
zion,3
anything.,3
https://t.co/kn5qgdb8pl,3
civilians,3
dysfunctional,3
dynamite.,3
#yearinmusic,3
conspiracy,3
pass,3
'failed,3
share,3
packageâ€¦,3
tapped,3
dimes.,3
so:â€¦,3
tea,3
choosing,3
hasâ€¦,3
head-on,3
diversity,3
obamaâ€¦,3
nyc,3
north,3
fifa,3
'jeep,3
#sundaymorning,3
chart:,3
hearings,3
nominees:,3
nicole,3
charge,3
ğŸ’¿,3
donald,3
france,3
changing,3
curse,3
recuse,3
telling,3
championed,3
'list:,3
fraud,3
fraud.â€¦,3
nebraska,3
reactsâ€¦,3
nationalism,3
us!,3
stages,3
'lyrics,3
walgreens.,3
'mahomes,3
d-1,3
catastrophe.,3
'"j",3
spirit...,3
him:,3
himself,3
prove,3
names,3
much!,3
promoted,3
holidays,3
up.,3
'@arianagrande,3
morning,3
up!,3
canes,3
frosty,3
candy,3
school,3
cancelled,3
ğŸ’œ,3
'political-hack,3
horribly,3
schedule,3
minoriâ€¦,3
ğŸ’š,3
housâ€¦,3
'quotes,3
frâ€¦,3
'rt''s',3
exclusive:,3
'@atlutd),3
statement.,3
michelle,3
https://t.co/27xhdj9rho,3
theorists,3
saudi,3
everyone.,3
'shoutout!,3
'@bts_twt''s',3
'@camila_cabello,3
#169,3
'songs,3
'@kelly_clarkson,3
soulless,3
bureaucrâ€¦,3
principal,3
'subscribe!,3
same,3
'tear''',3
mama,3
buckle,3
mahomes,3
ğŸ¤£ğŸ¤£ğŸ¤£,3
'underway,3
long,3
finalized,3
pretty,3
'wallace,3
slay,3
writing,3
listed:,3
likely,3
'women''s',3
committing,3
core,3
'ag,3
'agent,3
lieâ€¦,3
lies.,3
https://t.co/7on8pdjmvg,3
lawyeâ€¦,3
'ğŸ‡«ğŸ‡·,3
boycott,3
favourite,3
https://t.co/8aqpcrbaiw,3
landslide,3
spell,3
kpop,3
decorations,3
defeat,3
'artists,3
knowâ€¦,3
demands,3
ğŸ¶ğŸ„,3
kang,3
witch-hunt,3
'awhile,3
spider,3
ğŸ§,3
birthday,3
job:,3
jesus....sâ€¦,3
128487133,3
crimes.,3
'begin!,3
14,3
tour,3
spirit,3
item,3
#beyonce,3
collusion.,3
investigating,3
2019!,3
cover,2
counter,2
copy,2
cooler,2
w/,2
#v,2
continues,2
fox,2
congressional,2
confirming,2
confident,2
#12daysoffunko,2
fuâ€¦,2
girl!,2
giving,2
go!,2
goal.,2
god.,2
comet,2
skills,2
colluded,2
goï½£,2
closer,2
grant,2
gravest,2
clint,2
victory,2
click,2
womanâ€¦,2
via,2
relatable,2
h/t,2
#ad,2
habitat,2
chris,2
child,2
utter,2
related,2
channels!â€¦,2
hell,2
#stoptommyrobinson,2
helping,2
centred,2
celebrationâ€,2
#smockinggun,2
ur,2
cat.,2
hoax.,2
capela,2
cant,2
honor.,2
https://t.co/0bzzg69wft,2
rememberâ€â€”71,2
called,2
#realer,2
butterfly,2
butterflies!,2
buttcheeks,2
business,2
https://t.co/29htdgz2hm,2
broken.,2
https://t.co/4co1k9qqt0,2
https://t.co/6w8zjdwxwb,2
https://t.co/7cnropk7yv,2
breath,2
https://t.co/7jwaanebpz,2
https://t.co/8ajl0b4heu,2
https://t.co/8ptaetwatg,2
https://t.co/95dtsmyqkd,2
https://t.co/968rjvcqbv,2
bobbyâ€¦,2
unfâ€¦,2
https://t.co/9rvrquxi3o,2
https://t.co/aygiyrm0y8,2
https://t.co/ayyla5rorn,2
beyoncÃ©,2
https://t.co/cla5qik4hr,2
https://t.co/cnm4hizolt,2
beginsâ€¦,2
yet,2
https://t.co/e0aggagpkx,2
https://t.co/ecehbskblw,2
bash,2
https://t.co/fmkjw915pb,2
https://t.co/ge6cdjvuum,2
slow-mo,2
backstage,2
awards,2
https://t.co/gnnuij0dpv,2
avoid,2
avengers:,2
repeats,2
https://t.co/gytm62lmup,2
atlanta!!!,2
https://t.co/hpxplrmp9j,2
associates,2
youtube,2
https://t.co/iqi1jnxcvf,2
un,2
youâ€™re,2
https://t.co/jozn3oabew,2
https://t.co/jydeqxydx5,2
umbrella,2
april,2
https://t.co/kjvzov70mv,2
https://t.co/kr1kr2ehkk,2
https://t.co/krcy9hjsbn,2
||-//,2
angle,2
|â€¦,2
https://t.co/lfi1bwb74h,2
https://t.co/lhwfst6vcp,2
https://t.co/lvfltd4myk,2
https://t.co/m7ripkheqo,2
https://t.co/minb49tmhr,2
reverse,2
https://t.co/nd5zmooavp,2
alexa,2
albumã€i,2
https://t.co/p8hvjmyts1,2
stream,2
agencies,2
https://t.co/qkz5in0ii1,2
https://t.co/qmp1m22sdm,2
advisor,2
https://t.co/qqv4zz13xl,2
https://t.co/quvzj9nwuw,2
https://t.co/qywahzsqfm,2
https://t.co/rajrqdukr9,2
adelaide,2
https://t.co/rh1yo97333,2
https://t.co/rlmgtt9kky,2
https://t.co/rvsmtmh6co,2
https://t.co/ry6daa8p2i,2
accept,2
academy.,2
https://t.co/sonudadxdx,2
https://t.co/stqn88efxr,2
https://t.co/sujfqk2vf7,2
#infinitywar,2
â€œtota,2
https://t.co/tjw9y4b0qo,2
https://t.co/tphhtlgt9e,2
rnb,2
https://t.co/trvwjn2iaq,2
@skechersusa,2
https://t.co/v9qoyefzsp,2
robinson,2
#i_wont_let_you_go,2
â€œwinter,2
@realdonaldtrump.,2
stills,2
@potusâ€¦,2
@nra:,2
@netflix,2
https://t.co/vybwgskjsg,2
https://t.co/wbgzbsew51,2
https://t.co/xmxygi9aa7,2
@lennonstella,2
https://t.co/xxg6rsozkb,2
https://t.co/ym7mxcnpb1,2
@gamestop,2
@fbi,2
https://t.co/ynhfp8jl0k,2
https://t.co/yomhdvn6ri,2
#happydanielday!,2
https://t.co/ywyz0bdqak,2
https://t.co/z6vqnkqqsx,2
https://t.co/z7efbqoiqv,2
roxsana,2
hug,2
tucked,2
humiliation,2
icymi:,2
illicit,2
imbecile.,2
imbeciles,2
5520952,2
#fortnite,2
â„ï¸â„ï¸â„ï¸â„ï¸,2
stepbacks,2
immunity,2
3â€¦,2
imported.,2
#banditotour,2
interacted,2
transgender,2
investigated!,2
ğŸ,2
is..,2
2003,2
1st,2
itself!,2
total,2
rules,2
12,2
february,2
journalist.,2
spider-man,2
.@bakermayfield,2
junkrat,2
ruâ€¦,2
keepâ€¦,2
key,2
"avengers:,2
tommy,2
knew,2
'ğŸ¤”,2
knowâ€â€”166,2
'ğŸ˜²,2
spelling,2
'ğŸ˜ˆ,2
ko,2
'ğŸ”¥ğŸ”¥,2
'ğŸ”,2
krampus,2
kremlin,2
'âœ”ï¸,2
'âœ…,2
ties,2
'you....we''re',2
letter,2
lifeâ€,2
likeeee,2
'win,2
lobbyists,2
lobbyâ€¦,2
'usher,2
lopez,2
thought,2
love!!,2
those,2
lying.,2
mad.,2
'today!â¤,2
this:â€¦,2
magnificent,2
mahomesâ€™,2
major,2
'thought.,2
'this.,2
#energy,2
manifestationâ€¦,2
'test,2
'teaser,2
'tdğŸ™Œ#phivsdal,2
march,2
maryâ€™s,2
sang,2
matchwinner,2
#bouliv,2
meteor,2
'saturday''s',2
'rosenstein,2
'right?,2
'release,2
theaters,2
'rains,2
son-in-law,2
that?!?,2
miss,2
'performance,2
'passes,2
mock,2
moments,2
'nothing.,2
'night,2
season,2
'name''',2
motiveâ€¦,2
mps,2
muchâ€¦,2
murder,2
'match.,2
nasty.,2
security,2
naughty,2
tesla,2
'line,2
selecting,2
tease,2
nominations,2
'kelly,2
society,2
normal.,2
'jacquees,2
ğŸ“¸,2
tear,2
'impeachment,2
offending,2
office,2
okay.,2
seriously,2
'hernÃ¡ndez,2
stable,2
on.,2
'have''',2
'happierğŸµ,2
'goã€,2
orientation,2
oust,2
pack!,2
'family''s',2
park,2
table,2
pc,2
'destiny''s',2
'dark,2
permitted,2
'crimes,2
sweden,2
photo!,2
'congress,2
'comey:,2
'comey''s',2
photoshoot,2
#capitaljbb,2
'brown,2
smoking.,2
'before.,2
'beauty,2
support.,2
'band''s',2
'bad.,2
'awards,2
politiciansâ€”ones,2
'appearances,2
'announcement,2
popsicles,2
pose,2
posted.,2
pours.,2
ğŸ˜,2
sums,2
'@liampayne,2
'@lenjenningskmbc),2
shower,2
'@jonasblue''s',2
probed,2
programme,2
'@clifferwinvideo,2
shows,2
protected,2
'26,2
'2020,2
'2018.12.08,2
'2018,2
pulchraâ€?,2
putinâ€™s,2
ğŸ˜¡ğŸ¦‹,2
'''youth'',2
signaled,2
'''use',2
'''say',2
'''polaroid''',2
'''one',2
smarter,2
q:,2
'''cause',2
stupidity,2
'#wannaone''s',2
rahul,2
'#infinitywar",2
random,2
'#carvscle,2
'#bts''s',2
randomly,2
'"i''m',2
rapes,2
reaction,2
ğŸ˜­ğŸŒ¹â¤ï¸,2
recallâ€â€”8,2
recreated,2
welcomeğŸ˜‚,2
doncicâ€™s,2
dont,2
weekly,2
#ë°ì´ì‹ìŠ¤â€¦,2
dravid,2
dirty,2
duos,2
during,2
didnâ€™tâ€¦,2
did.,2
embolden,2
ended,2
ending,2
enter:,2
essential,2
decision.,2
refused,2
eu,2
debate,2
"there,2
day6,2
everything,2
whoah,2
daniel!,2
dangerous,2
ways,2
wasting,2
expansion.,2
wash,2
extremist,2
faced,2
fantastic.,2
fascism,2
creative,2
ğŸ¡,1
#thalaajith,1
knows,1
#blackpink,1
'ğŸ™ğŸ¾,1
'afternoon,1
wife,1
https://t.co/9agthlbkam,1
'added,1
prescott,1
presence,1
winning.,1
ğŸ˜!,1
'ğŸ’ªğŸ”¥,1
https://t.co/8o6civfpik,1
bought,1
geâ€¦,1
explains,1
lady,1
https://t.co/8hc7yljrbf,1
times,1
brad,1
'@nbahistory),1
dept.,1
latest,1
launches,1
'â ,1
country.,1
https://t.co/7qeesuygyl,1
w/12,1
lawâ€¦,1
learning,1
throwing,1
communist,1
letting,1
liberals,1
https://t.co/7lg8obhgfi,1
'words,1
strâ€¦,1
threâ€¦,1
crying,1
https://t.co/6utshis6fg,1
whatâ€™s,1
engagements,1
states.,1
https://t.co/6lxk1tmbxd,1
https://t.co/6gzoxlhxsa,1
'way.,1
lithuania,1
lithuanian,1
reopen,1
wanting,1
'@foxsports),1
https://t.co/5am8au4mbf,1
https://t.co/3zlieahdb7,1
'vest",1
threatenâ€¦,1
"panic,1
threatens,1
special,1
'undisciplined,1
https://t.co/3vfigwtale,1
'unbeatable,1
voice,1
'typo,1
vote!,1
'tweeting",1
'tweet,1
though.,1
ğŸ‘ğŸ‘,1
'trump,1
'true,1
'transparency''',1
furiously,1
friend...),1
entitled,1
speak,1
lynch,1
shuri,1
promote,1
tho,1
condemning,1
delivered,1
magnitsky,1
https://t.co/3kd3hokwvv,1
equipment,1
deleted,1
eric,1
#wpmoychallengeâ ,1
https://t.co/2zmwoftwrx,1
siewert,1
protesters,1
'tha",1
third,1
friend.,1
proves,1
https://t.co/2nkydlf6yp,1
'tear''!',1
https://t.co/2hr7de6he4,1
"yeh,1
ğŸ¤¯,1
'sungdeuk,1
pulled,1
'suga''s',1
https://t.co/2f9b9cusys,1
'stupid,1
'studios''',1
thing?,1
fingers,1
wedding,1
maurizio,1
burner.,1
mccarthy,1
butina,1
thi,1
meeting,1
theyâ€™ll,1
exude,1
'sin,1
estate,1
buying,1
'should''ve',1
sarri:,1
'she''s',1
'shameful,1
bye.,1
rent,1
'senile,1
'seconds.,1
mgm,1
https://t.co/1w1lyru2hw,1
mickey,1
#viswasam,1
https://t.co/1mxmhxsmwt,1
'russia,1
'rules,1
https://t.co/117pm1427z,1
eyes.,1
midcourt,1
putâ€¦,1
them.,1
'rewind''s',1
theirâ€¦,1
'resort,1
mile,1
decimated,1
fbiâ€™s,1
'reb,1
saying,1
'reaper''s',1
ethics,1
hr/day,1
theater,1
'pts,1
scandal,1
'prizes,1
minho!,1
minor,1
campaigâ€¦,1
campeones!!!!!,1
thatâ€¦,1
host,1
wow,1
'''for',1
federalâ€¦,1
events,1
weaponized,1
hopefully,1
'pep,1
'people:,1
quickly,1
'papadopoulos''s',1
mistake?,1
son,1
r&amp;b,1
modern,1
'ok,1
modeâ€¦,1
crossed,1
thankless,1
'#shinee''s',1
monsâ€¦,1
rage,1
cancer,1
moose.,1
'needed,1
deaâ€¦,1
raising,1
homeless,1
morning!,1
whereâ€˜s,1
'money,1
'modes,1
motors,1
mouse,1
'minister''s',1
moved,1
failing,1
capitols,1
ğŸ˜¬,1
muellerâ€™s,1
'#exo''s',1
deal,1
'manila,1
name.,1
captures,1
case,1
hilary....,1
whereâ€¦,1
worn,1
days.,1
high.,1
user,1
raped,1
freaking,1
cells,1
help,1
terms,1
wealthy,1
tent,1
hello,1
falling,1
nfl,1
heather!,1
'lebron''s',1
'leave,1
nice,1
heartâ€¦,1
selflessness,1
'lawmakers,1
nightmare,1
separation,1
'lance''s',1
teasers,1
'l.a.,1
ğŸ˜­,1
nomination!!!!!!,1
final,1
nominations.,1
charisma,1
'kerala,1
reject,1
counties,1
check,1
stunning,1
studying,1
chen,1
eviscerates,1
'israel,1
'isn''t',1
'interview,1
want.,1
nuggets.,1
series,1
"#loveshot,1
'impulsive,1
wool,1
reiterate:,1
nycc,1
heading,1
objections,1
ocasio-cortez,1
choreographer,1
#ì•„ì´ì½˜â€¦,1
'https://t.co/xzskh7t9bs,1
'https://t.co/rfnwaqiuw8,1
'https://t.co/4mlohqjedc,1
dog,1
well...,1
'history!,1
'hillary''s',1
well!,1
documented,1
harbor.,1
dare,1
congresswoman,1
sexually,1
options,1
orange,1
whoâ€¦,1
#12daysofchristmasâ€¦,1
christina,1
far-reaching,1
orders,1
'girls,1
'girl,1
disrespectful,1
shady,1
https://t.co/knbaavjfzg,1
oscars,1
anti-government,1
ot...from,1
stress,1
anywhere,1
https://t.co/ksov1doofl,1
revelations,1
'gaga,1
ğŸš¨ğŸš¨,1
talks,1
apart,1
dox,1
https://t.co/kk9qd3ouid,1
andre,1
outrage,1
!!,1
covering,1
resolution,1
https://t.co/llbcdkl4rp,1
'foul,1
applies,1
hamas,1
https://t.co/mafmb4c5fj,1
https://t.co/mbkyubqrgs,1
https://t.co/melz0y9teb,1
packâ€¦,1
https://t.co/mquklvsspm,1
https://t.co/jrtgrtwwou,1
https://t.co/mvjsodujky,1
https://t.co/ij4iorlrc1,1
'flag,1
https://t.co/n2hvicij0z,1
https://t.co/nayazhjcxq,1
'fl,1
https://t.co/nxov3hedtv,1
yourself,1
researchers,1
â€œcan,1
https://t.co/h1jc0wg9ix,1
paid,1
'filing,1
underage,1
https://t.co/oy7ngefzj9,1
paisa,1
https://t.co/gpgptd17lg,1
australia,1
https://t.co/gojskorxn5,1
christâ€¦,1
https://t.co/pqslsbcmul,1
https://t.co/pqtuvit4md,1
agustawestland,1
aguilera,1
https://t.co/gjd3v9nbyi,1
agree,1
babe,1
aging,1
baby.,1
agent,1
https://t.co/punx5g9z5x,1
yogurt.,1
filmed,1
https://t.co/qg6lnqgihv,1
again:,1
parisâ€¦,1
chrome,1
https://t.co/gi0xvg5z1f,1
#lakeshow,1
discredit-deny-attack,1
https://t.co/qnmktxymtp,1
adverse,1
jiske,1
hacksâ€¦,1
reward,1
ğŸ™„,1
claims,1
https://t.co/qzbfdobqxr,1
https://t.co/r1uavhszho,1
clashes,1
https://t.co/ghsgjn7puk,1
drop-kicked,1
ride,1
peak,1
acting,1
https://t.co/rjqevb1rti,1
pearl,1
https://t.co/ggtmtsvd0r,1
acknowledge,1
https://t.co/fyfcmhslq1,1
'doubt,1
accounts,1
class,1
https://t.co/sgorkb61eu,1
https://t.co/skj5luvckh,1
'doing,1
guam,1
right?,1
https://t.co/smwnsu1nul,1
abused,1
https://t.co/snvxctsrza,1
abstaining,1
#izone,1
regiâ€¦,1
https://t.co/sq6wb86s0x,1
switch,1
https://t.co/fttn2b1whj,1
ğŸ¤®cheers,1
https://t.co/t3ah4lti0d,1
twice.,1
barcelona,1
'demand,1
performance:,1
growing,1
'day,1
performs,1
road,1
weekend.,1
https://t.co/fci7qztras,1
https://t.co/uqrfvve971,1
@vice,1
https://t.co/fan3atalqf,1
https://t.co/exeldbur1o,1
https://t.co/uzdbxp6fby,1
batman,1
robert,1
dunk,1
duo/group,1
@shanedawsonâ€™s,1
reddit,1
https://t.co/vejn1bx8nz,1
clinically,1
signing,1
#avengersendgame,1
'conspiracy,1
battery,1
favour,1
clock,1
https://t.co/vpir4jm7dm,1
https://t.co/vqm2e457sd,1
https://t.co/vrpgly6qzu,1
@officialda_rulk,1
vidhwa,1
@nra,1
https://t.co/dzmvxgnhsd,1
'coming,1
https://t.co/vsgwvevit8,1
@nationwide,1
@narendramodi,1
"yellow,1
fortnite,1
https://t.co/wsu5kvxhxv,1
https://t.co/xgr6qm9lol,1
https://t.co/dtnlxuq7xq,1
washington,1
physical,1
https://t.co/xphpqdpqbz,1
@kanyewest,1
'clinton''s',1
#happyminhoday!,1
https://t.co/xxpd0w3gmc,1
https://t.co/y4wcymmthg,1
https://t.co/ydtbdegx2c,1
closed-door,1
@gatewaypundit,1
@gamestopâ€¦,1
cnn,1
'christmas!!â€,1
#happyherodays!,1
showed,1
'cheese?â€,1
@ddlovatoâ€¦,1
@dak,1
piano,1
https://t.co/youfemujyz,1
https://t.co/yt7kwbovmx,1
#avengersendgame.,1
pick,1
forgot,1
plane,1
beater!,1
cnnpolitics,1
https://t.co/za7vkc1ivn,1
https://t.co/zv1patmdym,1
'capsize,1
swaggy,1
@andresiniesta8,1
try,1
https://t.co/dntfzv0hr1,1
government.,1
hundreds,1
:),1
ğŸ™Œ,1
hurtfulâ€¦,1
9,1
players,1
https://t.co/dklxe5kbax,1
ikon-on,1
illegally,1
illegals,1
experience,1
https://t.co/dfymiq006o,1
6?,1
69th,1
yellow,1
#funkonycc,1
true!!!,1
violate,1
beginning.,1
'breadâ€,1
weâ€™ll,1
https://t.co/cd7hli0pne,1
plead,1
goooooooood,1
5-year-old,1
'begins,1
colossal,1
xiumin,1
fifty-seven,1
implicated,1
#wpmoychallengeâ +,1
impossible,1
33,1
incredible,1
developer,1
ğŸŒ²,1
slice,1
believing,1
trolling,1
trivia:,1
pled,1
developed,1
ints,1
20â€¦,1
benghazi,1
detect,1
between,1
beyoncÃ¨,1
investigation/russia,1
points,1
trademark,1
2015:,1
violates,1
containing,1
20,1
https://t.co/bk0qztsyma,1
1â€.,1
it!!!!,1
policy.,1
bias,1
destruction,1
1:,1
19,1
"everybody,1
https://t.co/b2ko1mahfe,1
#produceroftheyear,1
#pruperformers,1
iâ€™ll,1
'ast,1
jaata,1
'artists!,1
https://t.co/axfexka8gt,1
jamal,1
januaâ€¦,1
violations,1
jazz,1
https://t.co/asghrdzcvh,1
forces,1
unfortunate,1
joined,1
easy,1
1023072078,1
states?,1
journalists,1
10-minute,1
https://t.co/a6bdqgfiwf,1
jr.,1
0:00.,1
judge,1
pop!â€¦,1
electing,1
judge:,1
popular,1
https://t.co/9txjeua1kx,1
https://t.co/9hxpmk6yfy,1
force..,1
kap,1
kaunsi,1
emails,1
kentucky,1
poster,1
khashoggiâ€™s,1
https://t.co/9bpf4bkupk,1
posting.,1
khate,1
ki,1
(asking,1
râ€¦,1
violence,1
killers.,1
(@xtina),1
kneeling,1
potus,1
together,1
