#grammys,47
#bts,32
[#2018mama],31
#finsup,31
[#2018mama,27
[#ì•„ì´ì— ],23
#armynavygame,19
#nevsmia,18
#boca!,18
'#finsup,17
[#i.m],17
#phivsdal,16
#likemama,16
#mama10,16
#miracle,15
#billboardnews,15
#got7,15
#messi,15
#1,15
#dallascowboys,15
#btsarmy,15
#igot7,15
#capitaljbb.,15
'#bts,14
#wannaone,14
"#mama~,14
#rdr2,13
#jooheon,12
#blacksuit,12
#bt21,12
#johhnyjohhny,12
#im,12
'#mamaredcarpet,12
#secretangel,12
#ê°“ì„¸ë¸,11
#ìŒì•…ì¤‘ì‹¬,11
'#jackson,11
#grammys!,11
#hello,11
#kingdomhearts,11
#superstarbts,10
#humanrightsday,10
series!#teamindia,10
#2018mama,10
[#live,10
#pvlonabscbn,10
#mufc,9
#mamaredcarpet,9
'#ìŒì•…ì¤‘ì‹¬,9
#arshud,9
#chemci,9
#nct127,9
'#seventeen,8
#cadetbonespurs.,8
#letshearit!,7
#videomtv18del18,7
#twice,7
#respecttheback,7
#icarusfalls,7
#btsâ ,7
#adchithooku,7
#thetoys,6
#allstar2018,6
[#monsta_x],5
#iheartjingleball?,5
#dabears,5
#viswasamfirstsingle,5
#avengers,5
#strictly,5
'#firststepact.,5
#mama10â€¦,5
#adchithookku,5
#teamindia,4
#pl.,4
#ufc231,4
#euco,4
#criticschoice,4
#brexit,4
#beyonce,3
#169,3
#sundaymorning,3
#frenchprotests,3
#yearinmusic,3
#banditotour,2
#bouliv,2
#v,2
#infinitywar,2
#realer,2
#fortnite,2
'#infinitywar",2
'#carvscle,2
#energy,2
#stoptommyrobinson,2
#smockinggun,2
#i_wont_let_you_go,2
#capitaljbb,2
#ë°ì´ì‹ìŠ¤â€¦,2
'tdğŸ™Œ#phivsdal,2
'#bts''s',2
'#wannaone''s',2
#12daysoffunko,2
#ad,2
#happydanielday!,2
#pruperformers,1
#lakeshow,1
#izone,1
#thalaajith,1
#happyminhoday!,1
#happyherodays!,1
#funkonycc,1
#viswasam,1
#wpmoychallengeâ ,1
#wpmoychallengeâ +,1
#ì•„ì´ì½˜â€¦,1
'#exo''s',1
#blackpink,1
#avengersendgame.,1
#avengersendgame,1
'#shinee''s',1
"#loveshot,1
#12daysofchristmasâ€¦,1
#produceroftheyear,1
